;ID,   RA(2000),   Dec(2000),   Vlsr,      R,    d_R,   vrms, d_vrms,  vturb,d_vturb,        L,      d_L,     Mlum,   d_Mlum,   Tmax,    Omega,  d_Omega,    Theta,  d_Theta,      d
 ; ,    [h:m:s],     [d:m:s], [km/s],   [pc],   [pc], [km/s], [km/s],   [km/s],   [km/s],  [10^4*],  [10^4*],  [10^5*],  [10^5*],    [K],[km/s/pc],[km/s/pc], [degree], [degree],   [pc]
   1, 12:27:26.2,  11:06:27.9,  853.8,   0.00,   0.00,   1.50,   1.06,   1.25,   1.12,     0.92,     0.26,     0.43,     0.12,    3.8,     0.00,     0.00,       0.,       0.,    404
   2, 12:27:26.2,  11:06:28.2,  864.4,  16.69,   5.27,   4.81,   1.45,   2.81,   1.02,     3.01,     0.56,     1.40,     0.26,    3.3,     0.43,     0.14,     139.,      25.,    372
   3, 12:27:26.2,  11:06:27.6,  864.6,  23.45,   3.63,   6.69,   1.00,   3.79,   0.74,     4.99,     0.71,     2.32,     0.33,    3.8,     0.27,     0.04,     175.,      14.,    370
   4, 12:27:26.2,  11:06:27.4,  872.4,  20.18,   4.12,   4.47,   0.92,   2.95,   0.85,     2.59,     0.44,     1.21,     0.21,    3.4,     0.23,     0.09,     290.,      19.,    339
   5, 12:27:26.2,  11:06:27.8,  875.9,  46.89,   3.03,   5.53,   0.54,   2.35,   0.33,    11.49,     1.01,     5.35,     0.47,    4.2,     0.20,     0.01,     163.,       3.,    309
   6, 12:27:26.2,  11:06:27.0,  876.9,  17.79,   3.15,   4.51,   0.99,   2.86,   0.90,     2.34,     0.50,     1.09,     0.23,    3.4,     0.28,     0.09,     222.,      24.,    394
   7, 12:27:26.2,  11:06:26.8,  883.7,  17.76,   4.90,   5.10,   1.05,   2.93,   0.80,     2.96,     0.50,     1.38,     0.23,    3.9,     0.13,     0.04,     149.,      25.,    407
   8, 12:27:26.3,  11:06:28.3,  887.3,  18.99,   4.82,   3.58,   1.18,   1.83,   1.07,     1.50,     0.28,     0.70,     0.13,    3.8,     0.16,     0.10,     138.,      49.,    296
   9, 12:27:26.2,  11:06:28.5,  885.2,   0.00,   0.00,   3.62,   1.11,   3.08,   1.27,     1.27,     0.30,     0.59,     0.14,    3.7,     0.00,     0.00,       0.,       0.,    345
  10, 12:27:26.3,  11:06:27.7,  888.2,  29.40,   3.14,   4.81,   0.75,   2.97,   0.70,     4.69,     0.59,     2.18,     0.28,    3.8,     0.16,     0.03,     230.,      13.,    248
  11, 12:27:26.2,  11:06:26.7,  892.8,   0.00,   0.00,   2.84,   0.74,   2.52,   0.81,     0.99,     0.27,     0.46,     0.13,    4.2,     0.00,     0.00,       0.,       0.,    400
  12, 12:27:26.2,  11:06:26.9,  894.8,   0.00,   0.00,   5.49,   1.42,   3.11,   1.24,     1.38,     0.37,     0.64,     0.17,    3.5,     0.00,     0.00,       0.,       0.,    371
  13, 12:27:26.3,  11:06:27.2,  892.9,  26.18,   2.65,   6.34,   0.86,   3.22,   0.58,     6.12,     0.60,     2.85,     0.28,    4.8,     0.33,     0.03,     213.,       7.,    285
  14, 12:27:26.3,  11:06:27.8,  898.0,  26.25,   2.73,   5.14,   0.62,   2.52,   0.42,     5.33,     0.56,     2.49,     0.26,    4.4,     0.27,     0.02,     202.,       6.,    219
  15, 12:27:26.2,  11:06:28.6,  898.4,  14.93,   4.44,   3.36,   0.87,   2.46,   0.68,     2.37,     0.52,     1.11,     0.24,    3.5,     0.17,     0.07,      72.,      39.,    330
  16, 12:27:26.3,  11:06:26.9,  900.3,   0.00,   0.00,   5.08,   1.80,   2.57,   1.55,     1.37,     0.41,     0.64,     0.19,    2.7,     0.00,     0.00,       0.,       0.,    342
  17, 12:27:26.3,  11:06:27.0,  902.0,   0.00,   0.00,   4.76,   1.75,   4.20,   1.95,     0.82,     0.19,     0.38,     0.09,    3.8,     0.00,     0.00,       0.,       0.,    296
  18, 12:27:26.3,  11:06:28.3,  901.2,  16.35,   3.67,   5.70,   1.23,   2.18,   0.81,     1.75,     0.40,     0.81,     0.19,    3.3,     0.52,     0.19,     148.,      28.,    279
  19, 12:27:26.2,  11:06:26.4,  906.3,  14.16,   5.81,   6.04,   2.54,   4.16,   2.67,     1.48,     0.46,     0.69,     0.21,    2.8,     0.34,     0.92,     260.,     121.,    438
  20, 12:27:26.3,  11:06:27.3,  908.3,  20.56,   4.42,   3.33,   0.84,   2.51,   0.82,     2.57,     0.50,     1.20,     0.23,    3.6,     0.10,     0.04,     181.,      55.,    244
  21, 12:27:26.3,  11:06:27.7,  910.1,  20.14,   3.00,   4.92,   0.77,   2.91,   0.60,     4.04,     0.57,     1.88,     0.27,    4.0,     0.28,     0.06,     166.,      14.,    182
  22, 12:27:26.3,  11:06:28.4,  910.7,   0.00,   0.00,   3.19,   1.72,   1.84,   1.59,     0.57,     0.23,     0.27,     0.11,    3.0,     0.00,     0.00,       0.,       0.,    267
  23, 12:27:26.2,  11:06:26.6,  910.0,  21.66,   3.62,   6.01,   0.82,   4.30,   0.83,     4.83,     0.65,     2.25,     0.30,    4.3,     0.24,     0.05,     250.,      10.,    385
  24, 12:27:26.4,  11:06:27.8,  921.4,  37.41,   3.68,   7.81,   1.14,   3.16,   0.52,     6.48,     0.45,     3.02,     0.21,    5.2,     0.29,     0.04,     147.,       9.,    155
  25, 12:27:26.3,  11:06:28.5,  915.1,   0.00,   0.00,   5.02,   1.53,   1.94,   1.30,     0.80,     0.27,     0.37,     0.13,    3.3,     0.00,     0.00,       0.,       0.,    281
  26, 12:27:26.3,  11:06:26.4,  923.7,  12.74,   4.80,   3.90,   1.29,   2.75,   0.96,     2.13,     0.52,     0.99,     0.24,    3.4,     0.20,     0.08,     236.,      26.,    415
  27, 12:27:26.3,  11:06:28.4,  923.0,   9.58,   7.56,   4.07,   2.09,   2.41,   1.64,     0.63,     0.41,     0.30,     0.19,    2.4,     0.26,     0.09,     270.,       0.,    238
  28, 12:27:26.3,  11:06:28.6,  923.2,   7.15,   5.14,   3.03,   1.15,   1.96,   1.14,     1.04,     0.29,     0.48,     0.13,    3.6,     0.09,     0.08,     132.,     130.,    282
  29, 12:27:26.3,  11:06:28.9,  923.8,   0.00,   0.00,   7.43,   3.93,   1.54,   1.60,     0.45,     0.33,     0.21,     0.15,    2.5,     0.00,     0.00,       0.,       0.,    335
  30, 12:27:26.3,  11:06:26.5,  923.6,  10.07,   5.89,   5.23,   1.92,   2.86,   1.81,     1.01,     0.40,     0.47,     0.19,    2.8,     0.06,     0.19,     142.,     123.,    364
  31, 12:27:26.3,  11:06:29.0,  922.6,  11.08,   4.28,   6.34,   1.67,   2.86,   1.19,     1.31,     0.37,     0.61,     0.17,    3.4,     0.37,     0.18,     120.,      35.,    363
  32, 12:27:26.4,  11:06:27.6,  931.3,  36.04,   2.15,   8.29,   0.66,   3.27,   0.38,    12.74,     0.62,     5.94,     0.29,    5.8,     0.23,     0.01,     209.,       3.,    100
  33, 12:27:26.3,  11:06:26.7,  931.4,  10.38,   6.14,   4.16,   1.40,   2.61,   1.42,     1.41,     0.34,     0.66,     0.16,    3.1,     0.38,     0.33,     225.,     118.,    328
  34, 12:27:26.3,  11:06:26.4,  930.7,   0.00,   0.00,   3.08,   1.00,   2.20,   1.14,     1.17,     0.33,     0.55,     0.15,    3.3,     0.00,     0.00,       0.,       0.,    387
  35, 12:27:26.3,  11:06:27.1,  927.6,  18.88,   4.20,   4.99,   1.12,   2.49,   0.90,     1.96,     0.62,     0.91,     0.29,    2.9,     0.34,     0.17,     237.,      31.,    241
  36, 12:27:26.3,  11:06:28.9,  932.5,   0.00,   0.00,   4.61,   2.16,   2.55,   1.33,     0.94,     0.40,     0.44,     0.18,    3.0,     0.00,     0.00,       0.,       0.,    335
  37, 12:27:26.4,  11:06:27.2,  937.7,  14.99,   2.88,   7.78,   1.11,   4.71,   1.02,     3.66,     0.71,     1.71,     0.33,    3.5,     0.46,     0.15,     264.,      17.,    179
  38, 12:27:26.3,  11:06:28.4,  934.3,   0.00,   0.00,   4.06,   1.83,   2.66,   1.95,     0.88,     0.35,     0.41,     0.16,    2.5,     0.00,     0.00,       0.,       0.,    231
  39, 12:27:26.3,  11:06:26.2,  936.2,   0.00,   0.00,   4.39,   1.55,   3.09,   1.84,     1.15,     0.57,     0.54,     0.27,    2.5,     0.00,     0.00,       0.,       0.,    437
  40, 12:27:26.3,  11:06:27.0,  935.7,   0.00,   0.00,   1.70,   1.08,   1.38,   1.36,     0.40,     0.25,     0.19,     0.12,    2.6,     0.00,     0.00,       0.,       0.,    232
  41, 12:27:26.3,  11:06:29.2,  934.3,  11.79,   7.46,   3.07,   1.72,   1.56,   1.74,     0.83,     0.42,     0.39,     0.20,    2.5,     0.10,     0.28,     353.,     145.,    403
  42, 12:27:26.3,  11:06:26.4,  938.4,   0.00,   0.00,   3.35,   1.68,   2.29,   2.39,     0.44,     0.28,     0.20,     0.13,    2.5,     0.00,     0.00,       0.,       0.,    378
  43, 12:27:26.3,  11:06:28.7,  936.4,   0.00,   0.00,   4.03,   1.78,   2.55,   1.53,     1.16,     0.35,     0.54,     0.17,    3.0,     0.00,     0.00,       0.,       0.,    284
  44, 12:27:26.4,  11:06:28.4,  949.5,  16.86,   3.95,   8.58,   1.86,   3.48,   1.14,     2.29,     0.62,     1.07,     0.29,    2.8,     0.68,     0.20,     142.,      22.,    203
  45, 12:27:26.3,  11:06:28.7,  945.1,  11.01,   6.30,   4.35,   0.94,   2.87,   1.11,     2.27,     0.45,     1.06,     0.21,    3.6,     0.32,     0.09,     114.,      24.,    275
  46, 12:27:26.4,  11:06:27.2,  951.3,  14.12,   4.07,   9.76,   1.89,   3.19,   1.25,     2.17,     0.53,     1.01,     0.25,    2.8,     0.81,     0.32,     250.,      32.,    142
  47, 12:27:26.4,  11:06:28.0,  950.6,  16.99,   3.53,  10.28,   1.56,   4.10,   1.02,     4.41,     0.66,     2.06,     0.31,    3.9,     0.67,     0.19,      77.,      21.,    122
  48, 12:27:26.4,  11:06:27.0,  957.6,  16.81,   4.48,   4.80,   0.92,   3.30,   0.99,     2.83,     0.49,     1.32,     0.23,    3.4,     0.23,     0.15,     206.,      51.,    208
  49, 12:27:26.3,  11:06:26.4,  951.8,  20.04,   3.32,   5.56,   0.85,   4.22,   0.97,     4.87,     0.65,     2.27,     0.30,    3.7,     0.43,     0.08,     222.,      14.,    368
  50, 12:27:26.4,  11:06:28.8,  959.9,  10.54,   7.25,   5.16,   1.44,   2.95,   1.34,     1.82,     0.48,     0.85,     0.22,    2.8,     0.11,     0.18,     152.,      97.,    277
  51, 12:27:26.4,  11:06:28.3,  969.9,   0.00,   0.00,   4.31,   1.24,   1.94,   0.77,     1.50,     0.40,     0.70,     0.19,    3.1,     0.00,     0.00,       0.,       0.,    168
  52, 12:27:26.4,  11:06:28.6,  970.5,   0.00,   0.00,   3.80,   1.04,   3.24,   1.38,     1.11,     0.24,     0.52,     0.11,    3.6,     0.00,     0.00,       0.,       0.,    237
  53, 12:27:26.3,  11:06:26.3,  971.9,  24.48,   2.31,   8.72,   0.91,   5.19,   0.76,     8.00,     0.75,     3.73,     0.35,    4.5,     0.71,     0.04,     221.,       5.,    354
  54, 12:27:26.4,  11:06:27.1,  975.9,  12.57,   5.97,   6.45,   1.94,   2.65,   1.33,     2.16,     0.63,     1.01,     0.29,    2.6,     0.25,     0.20,     239.,      89.,    159
  55, 12:27:26.4,  11:06:26.8,  976.8,  16.98,   5.65,   8.43,   2.72,   3.02,   1.70,     2.24,     0.49,     1.04,     0.23,    3.5,     0.48,     0.10,     270.,       0.,    227
  56, 12:27:26.4,  11:06:28.4,  978.6,   0.00,   0.00,   2.26,   1.60,   1.89,   1.76,     0.19,     0.07,     0.09,     0.03,    2.9,     0.00,     0.00,       0.,       0.,    190
  57, 12:27:26.4,  11:06:28.7,  982.4,   0.00,   0.00,   5.07,   1.77,   3.87,   1.82,     1.23,     0.48,     0.57,     0.22,    3.2,     0.00,     0.00,       0.,       0.,    234
  58, 12:27:26.4,  11:06:29.0,  976.7,  11.86,   5.36,   6.76,   1.95,   3.36,   1.32,     1.85,     0.43,     0.86,     0.20,    3.4,     0.57,     0.26,     131.,      33.,    309
  59, 12:27:26.3,  11:06:25.0,  986.7,  15.93,   9.90,   4.10,   1.95,   2.21,   1.83,     1.33,     1.03,     0.62,     0.48,    1.9,     0.27,     0.35,     246.,     120.,    653
  60, 12:27:26.4,  11:06:28.4,  985.6,   0.00,   0.00,   4.11,   1.53,   2.17,   1.03,     1.38,     0.26,     0.64,     0.12,    4.2,     0.00,     0.00,       0.,       0.,    169
  61, 12:27:26.4,  11:06:26.2,  992.8,  23.42,   2.89,   7.25,   1.25,   3.77,   1.05,     4.87,     0.61,     2.27,     0.28,    3.8,     0.48,     0.09,     243.,      13.,    358
  62, 12:27:26.4,  11:06:28.7,  995.5,   0.00,   0.00,   3.63,   1.16,   3.37,   1.45,     1.44,     0.46,     0.67,     0.22,    3.0,     0.00,     0.00,       0.,       0.,    225
  63, 12:27:26.4,  11:06:26.8,  994.7,   9.07,   6.55,   3.39,   1.15,   2.89,   1.28,     1.45,     0.39,     0.68,     0.18,    2.9,     0.15,     0.14,     216.,     102.,    210
  64, 12:27:26.4,  11:06:28.2,  994.2,   0.00,   0.00,   5.14,   1.77,   2.75,   1.40,     1.08,     0.38,     0.50,     0.18,    3.5,     0.00,     0.00,       0.,       0.,    141
  65, 12:27:26.4,  11:06:25.9,  996.6,   0.00,   0.00,   2.88,   1.30,   1.92,   1.45,     0.69,     0.24,     0.32,     0.11,    3.0,     0.00,     0.00,       0.,       0.,    425
  66, 12:27:26.5,  11:06:27.1, 1006.7,  11.00,   7.93,   5.42,   2.99,   2.66,   1.97,     1.39,     0.58,     0.65,     0.27,    2.8,     0.47,     0.32,     267.,      60.,    126
  67, 12:27:26.4,  11:06:28.5, 1002.7,  12.47,   5.82,   3.06,   0.75,   1.66,   0.92,     0.98,     0.24,     0.46,     0.11,    3.7,     0.06,     0.10,      77.,     149.,    198
  68, 12:27:26.4,  11:06:29.2, 1002.2,   0.00,   0.00,   3.78,   1.33,   2.82,   1.62,     1.38,     0.47,     0.64,     0.22,    2.8,     0.00,     0.00,       0.,       0.,    338
  69, 12:27:26.4,  11:06:28.2, 1002.2,   0.00,   0.00,   8.16,   2.25,   3.58,   1.08,     2.66,     0.55,     1.24,     0.25,    3.2,     0.00,     0.00,       0.,       0.,    125
  70, 12:27:26.4,  11:06:26.3, 1006.5,  15.14,   4.83,   3.78,   1.01,   2.20,   0.84,     2.13,     0.57,     0.99,     0.26,    2.9,     0.27,     0.12,     215.,      31.,    325
  71, 12:27:26.4,  11:06:26.0, 1012.5,  15.33,   5.81,   3.33,   1.36,   2.87,   1.50,     2.02,     0.46,     0.94,     0.21,    3.1,     0.14,     0.06,     138.,      32.,    400
  72, 12:27:26.4,  11:06:26.7, 1008.4,  15.59,   5.23,   6.39,   1.66,   3.76,   1.49,     2.09,     0.62,     0.98,     0.29,    3.5,     0.22,     0.16,     204.,      74.,    220
  73, 12:27:26.5,  11:06:28.0, 1013.9,   0.00,   0.00,   3.93,   2.45,   2.04,   2.09,     0.47,     0.20,     0.22,     0.09,    2.8,     0.00,     0.00,       0.,       0.,     86
  74, 12:27:26.4,  11:06:26.2, 1017.5,   8.84,   6.13,   5.05,   2.25,   2.89,   1.36,     1.29,     0.32,     0.60,     0.15,    2.9,     0.31,     0.18,     325.,     153.,    343
  75, 12:27:26.5,  11:06:28.2, 1013.3,   0.00,   0.00,   6.79,   1.72,   4.47,   1.37,     1.91,     0.44,     0.89,     0.21,    3.2,     0.00,     0.00,       0.,       0.,    127
  76, 12:27:26.4,  11:06:29.2, 1013.7,  12.48,   5.48,   5.48,   1.62,   2.44,   1.32,     1.39,     0.38,     0.65,     0.18,    3.4,     0.20,     0.42,     102.,     119.,    340
  77, 12:27:26.4,  11:06:26.4, 1019.9,   9.08,   6.99,   4.45,   1.98,   2.41,   1.73,     0.90,     0.43,     0.42,     0.20,    2.5,     0.10,     0.11,     168.,      92.,    299
  78, 12:27:26.4,  11:06:26.8, 1021.3,   7.72,   4.05,   6.78,   1.57,   4.38,   1.45,     2.06,     0.49,     0.96,     0.23,    3.0,     0.43,     0.22,     256.,      55.,    193
  79, 12:27:26.4,  11:06:28.7, 1015.4,   8.80,   6.46,   5.29,   1.24,   3.85,   1.03,     3.08,     0.58,     1.43,     0.27,    3.6,     0.42,     0.11,     157.,      16.,    224
  80, 12:27:26.4,  11:06:29.2, 1027.9,  20.05,   5.87,   5.38,   1.23,   2.92,   1.01,     3.39,     0.58,     1.58,     0.27,    3.7,     0.31,     0.09,     161.,      20.,    322
  81, 12:27:26.5,  11:06:28.5, 1034.5,  18.03,   4.56,   8.19,   1.41,   4.29,   1.17,     4.29,     0.56,     2.00,     0.26,    4.3,     0.57,     0.22,     166.,      20.,    186
  82, 12:27:26.5,  11:06:28.1, 1028.0,   0.00,   0.00,   4.91,   1.12,   4.14,   1.21,     1.94,     0.48,     0.90,     0.22,    3.6,     0.00,     0.00,       0.,       0.,    107
  83, 12:27:26.4,  11:06:26.5, 1030.9,   8.01,   5.94,   5.01,   1.88,   3.45,   1.72,     1.14,     0.25,     0.53,     0.12,    3.7,     0.10,     0.18,     249.,     119.,    263
  84, 12:27:26.5,  11:06:26.9, 1035.6,  12.34,   5.73,   7.48,   2.59,   4.09,   1.83,     2.41,     0.72,     1.12,     0.34,    2.9,     0.18,     0.15,     177.,      76.,    169
  85, 12:27:26.4,  11:06:25.9, 1041.4,   0.00,   0.00,   5.05,   1.71,   3.71,   1.73,     1.61,     0.47,     0.75,     0.22,    3.1,     0.00,     0.00,       0.,       0.,    408
  86, 12:27:26.4,  11:06:26.2, 1033.8,  13.45,   4.92,   6.25,   1.40,   3.97,   1.47,     2.21,     0.57,     1.03,     0.27,    3.3,     0.56,     0.20,     163.,      30.,    330
  87, 12:27:26.4,  11:06:26.5, 1040.8,   0.00,   0.00,   3.39,   1.60,   2.65,   1.49,     0.71,     0.28,     0.33,     0.13,    3.2,     0.00,     0.00,       0.,       0.,    267
  88, 12:27:26.5,  11:06:28.8, 1044.5,   7.45,   5.79,   3.82,   0.85,   3.41,   1.11,     2.44,     0.53,     1.14,     0.25,    3.3,     0.24,     0.08,     149.,      22.,    236
  89, 12:27:26.5,  11:06:26.7, 1050.1,  21.43,   5.59,   5.70,   0.98,   3.30,   0.95,     4.90,     0.70,     2.28,     0.32,    3.8,     0.08,     0.04,     159.,      31.,    222
  90, 12:27:26.4,  11:06:29.3, 1048.2,  24.84,   2.41,   9.68,   1.01,   4.44,   0.63,     7.72,     0.76,     3.60,     0.35,    4.4,     0.63,     0.04,     150.,       6.,    361
  91, 12:27:26.4,  11:06:29.8, 1052.4,   0.00,   0.00,   2.47,   1.37,   2.06,   1.90,     0.42,     0.29,     0.20,     0.13,    2.3,     0.00,     0.00,       0.,       0.,    447
  92, 12:27:26.4,  11:06:25.9, 1057.3,  12.32,   4.82,   6.39,   1.51,   4.78,   1.63,     2.80,     0.46,     1.31,     0.21,    3.7,     0.39,     0.13,     193.,      36.,    384
  93, 12:27:26.5,  11:06:26.5, 1056.8,  12.22,   6.03,   3.01,   0.97,   1.96,   0.99,     1.61,     0.34,     0.75,     0.16,    3.7,     0.07,     0.04,     150.,      57.,    253
  94, 12:27:26.5,  11:06:28.2, 1061.9,  14.47,   7.12,   6.76,   1.90,   4.43,   1.65,     3.62,     0.88,     1.69,     0.41,    3.0,     0.22,     0.13,     149.,      36.,    128
  95, 12:27:26.5,  11:06:29.0, 1080.5,  38.56,   2.24,  15.98,   1.07,   4.45,   0.52,    14.86,     0.97,     6.92,     0.45,    4.8,     0.74,     0.01,     171.,       1.,    287
  96, 12:27:26.5,  11:06:29.7, 1060.5,   0.00,   0.00,   2.65,   1.01,   1.82,   1.22,     0.63,     0.17,     0.29,     0.08,    3.3,     0.00,     0.00,       0.,       0.,    430
  97, 12:27:26.5,  11:06:26.4, 1064.2,  19.92,   4.88,   4.27,   1.28,   2.36,   0.91,     2.07,     0.41,     0.97,     0.19,    3.6,     0.16,     0.08,     176.,      47.,    279
  98, 12:27:26.5,  11:06:29.7, 1068.3,   0.00,   0.00,   1.97,   1.06,   1.33,   1.08,     0.86,     0.41,     0.40,     0.19,    2.8,     0.00,     0.00,       0.,       0.,    431
  99, 12:27:26.5,  11:06:26.2, 1072.1,  14.05,   4.05,   5.19,   1.17,   4.32,   1.36,     2.28,     0.60,     1.06,     0.28,    3.2,     0.16,     0.06,      86.,      56.,    311
 100, 12:27:26.5,  11:06:28.6, 1067.9,  13.48,   5.78,   3.85,   1.42,   1.81,   1.00,     1.04,     0.27,     0.48,     0.13,    3.4,     0.15,     0.13,     181.,      84.,    211
 101, 12:27:26.5,  11:06:28.3, 1075.1,   0.00,   0.00,   2.16,   1.40,   1.92,   1.23,     0.61,     0.41,     0.29,     0.19,    2.5,     0.00,     0.00,       0.,       0.,    131
 102, 12:27:26.5,  11:06:27.0, 1082.4,  10.75,   4.99,   3.97,   1.32,   2.97,   1.12,     1.70,     0.39,     0.79,     0.18,    3.2,     0.33,     0.30,     209.,     111.,    148
 103, 12:27:26.5,  11:06:26.7, 1074.6,  15.93,   3.53,   5.41,   1.11,   3.81,   1.20,     3.30,     0.46,     1.54,     0.21,    3.6,     0.64,     0.21,     237.,      25.,    203
 104, 12:27:26.5,  11:06:28.3, 1085.2,  12.86,   5.61,   4.15,   1.15,   2.95,   0.99,     2.32,     0.60,     1.08,     0.28,    3.5,     0.23,     0.12,     145.,      34.,    132
 105, 12:27:26.5,  11:06:25.4, 1085.5,  10.28,   7.15,   4.15,   1.64,   2.37,   1.46,     1.03,     0.43,     0.48,     0.20,    2.7,     0.19,     0.10,     178.,      66.,    477
 106, 12:27:26.5,  11:06:25.9, 1080.2,  23.23,   4.95,   7.15,   1.12,   3.71,   0.97,     3.99,     0.49,     1.86,     0.23,    3.9,     0.63,     0.13,     167.,      12.,    366
 107, 12:27:26.5,  11:06:25.6, 1090.8,   0.00,   0.00,   3.96,   2.03,   3.00,   2.73,     0.38,     0.20,     0.18,     0.09,    3.0,     0.00,     0.00,       0.,       0.,    442
 108, 12:27:26.5,  11:06:25.9, 1097.0,  17.71,   3.72,   6.42,   1.42,   3.04,   1.32,     2.18,     0.46,     1.01,     0.21,    3.0,     0.07,     0.08,     151.,     132.,    371
 109, 12:27:26.5,  11:06:29.8, 1100.4,   0.00,   0.00,   2.51,   1.56,   1.07,   1.12,     0.63,     0.30,     0.29,     0.14,    2.8,     0.00,     0.00,       0.,       0.,    460
 110, 12:27:26.5,  11:06:26.5, 1105.5,  31.80,   2.23,  13.03,   1.04,   5.18,   0.53,    12.92,     1.04,     6.02,     0.48,    4.0,     0.85,     0.04,     184.,       3.,    245
 111, 12:27:26.5,  11:06:28.2, 1100.7,  17.05,   4.34,   4.61,   1.28,   3.15,   1.20,     2.40,     0.66,     1.12,     0.31,    3.3,     0.22,     0.16,     165.,      50.,    116
 112, 12:27:26.5,  11:06:25.5, 1103.1,  11.35,   6.52,   6.36,   1.46,   3.88,   1.51,     1.86,     0.51,     0.87,     0.24,    3.4,     0.37,     0.14,     212.,      28.,    446
 113, 12:27:26.5,  11:06:27.2, 1109.0,   0.00,   0.00,   2.07,   1.99,   1.76,   1.92,     0.32,     0.28,     0.15,     0.13,    2.3,     0.00,     0.00,       0.,       0.,    104
 114, 12:27:26.5,  11:06:28.8, 1106.7,  14.22,   8.62,   4.15,   1.19,   2.72,   0.84,     2.93,     0.70,     1.37,     0.32,    3.6,     0.13,     0.06,     192.,      23.,    246
 115, 12:27:26.5,  11:06:29.9, 1109.6,   0.00,   0.00,   3.72,   1.72,   3.15,   1.80,     0.79,     0.24,     0.37,     0.11,    2.9,     0.00,     0.00,       0.,       0.,    494
 116, 12:27:26.5,  11:06:25.7, 1112.8,  11.65,   5.46,   5.30,   1.36,   3.15,   1.09,     1.81,     0.33,     0.84,     0.15,    3.7,     0.16,     0.10,     204.,      53.,    414
 117, 12:27:26.5,  11:06:27.1, 1118.5,  17.01,   5.45,   6.37,   1.68,   3.89,   1.67,     2.14,     0.55,     1.00,     0.25,    3.2,     0.18,     0.18,     205.,     102.,    124
 118, 12:27:26.5,  11:06:28.1, 1117.3,   0.00,   0.00,   5.79,   1.72,   4.37,   2.02,     1.34,     0.44,     0.62,     0.21,    3.3,     0.00,     0.00,       0.,       0.,    110
 119, 12:27:26.5,  11:06:29.6, 1122.1,  13.58,   5.45,   4.48,   1.74,   3.20,   1.67,     1.49,     0.44,     0.70,     0.21,    2.9,     0.17,     0.17,     149.,     121.,    419
 120, 12:27:26.5,  11:06:28.3, 1123.5,   0.00,   0.00,   5.41,   2.08,   3.20,   1.79,     1.24,     0.42,     0.58,     0.20,    2.7,     0.00,     0.00,       0.,       0.,    156
 121, 12:27:26.5,  11:06:28.9, 1125.8,  28.99,   2.25,   8.97,   0.81,   4.71,   0.70,    10.75,     0.88,     5.01,     0.41,    3.9,     0.63,     0.02,     184.,       1.,    289
 122, 12:27:26.5,  11:06:26.9, 1134.7,   0.00,   0.00,   5.20,   1.25,   3.45,   0.95,     2.55,     0.58,     1.19,     0.27,    3.4,     0.00,     0.00,       0.,       0.,    159
 123, 12:27:26.5,  11:06:25.7, 1137.0,  17.32,   9.72,   5.14,   1.81,   2.52,   1.37,     1.73,     0.51,     0.81,     0.24,    3.2,     0.02,     0.17,     166.,     144.,    419
 124, 12:27:26.5,  11:06:28.3, 1135.6,  10.41,   7.50,   3.97,   1.30,   3.44,   1.60,     1.64,     0.43,     0.77,     0.20,    3.1,     0.19,     0.28,     155.,     124.,    142
 125, 12:27:26.5,  11:06:26.1, 1130.2,  25.56,   2.27,   8.07,   0.82,   3.95,   0.68,     7.74,     0.70,     3.61,     0.33,    4.5,     0.56,     0.02,     161.,       3.,    332
 126, 12:27:26.6,  11:06:28.7, 1145.6,  15.93,   2.73,   5.09,   0.88,   3.53,   0.93,     3.08,     0.38,     1.44,     0.18,    4.7,     0.24,     0.03,     174.,      14.,    252
 127, 12:27:26.6,  11:06:29.3, 1146.4,  18.24,   3.54,   8.68,   1.54,   3.66,   1.01,     3.09,     0.47,     1.44,     0.22,    3.7,     0.51,     0.10,     180.,      26.,    380
 128, 12:27:26.5,  11:06:28.2, 1146.7,   0.00,   0.00,   3.74,   1.83,   2.42,   1.70,     0.59,     0.38,     0.27,     0.18,    2.6,     0.00,     0.00,       0.,       0.,    127
 129, 12:27:26.5,  11:06:26.6, 1148.7,  20.15,   4.25,   6.66,   0.95,   4.67,   0.75,     6.74,     0.74,     3.14,     0.34,    4.6,     0.46,     0.06,     178.,       6.,    232
 130, 12:27:26.6,  11:06:29.0, 1151.4,  12.80,   3.42,   4.27,   1.43,   3.14,   1.44,     1.33,     0.57,     0.62,     0.27,    3.0,     0.11,     0.10,     161.,      85.,    316
 131, 12:27:26.5,  11:06:28.2, 1158.3,  14.18,   6.49,   5.45,   2.03,   4.14,   1.77,     2.20,     0.78,     1.02,     0.36,    2.7,     0.26,     0.17,     258.,      71.,    146
 132, 12:27:26.6,  11:06:28.7, 1159.1,   9.21,   3.70,   5.19,   1.27,   4.23,   1.10,     1.93,     0.31,     0.90,     0.14,    4.0,     0.19,     0.11,     209.,      53.,    243
 133, 12:27:26.6,  11:06:28.9, 1164.9,  17.47,   5.42,   5.69,   1.30,   2.92,   1.36,     2.67,     0.59,     1.24,     0.27,    3.2,     0.43,     0.13,     216.,      25.,    305
 134, 12:27:26.5,  11:06:27.1, 1163.7,   0.00,   0.00,   6.19,   2.15,   3.24,   1.97,     1.37,     0.42,     0.64,     0.20,    2.7,     0.00,     0.00,       0.,       0.,    122
 135, 12:27:26.5,  11:06:27.0, 1172.4,   0.00,   0.00,   4.69,   1.04,   3.08,   1.28,     1.97,     0.40,     0.92,     0.19,    3.6,     0.00,     0.00,       0.,       0.,    140
 136, 12:27:26.6,  11:06:25.9, 1161.4,  25.36,   1.93,  10.29,   1.06,   4.55,   0.65,     8.03,     0.84,     3.74,     0.39,    4.0,     0.60,     0.03,     162.,       4.,    379
 137, 12:27:26.6,  11:06:28.5, 1173.5,  11.71,   5.46,   4.38,   1.21,   3.79,   1.27,     2.75,     0.63,     1.28,     0.29,    3.9,     0.10,     0.07,     207.,      69.,    219
 138, 12:27:26.6,  11:06:29.1, 1177.9,  21.84,   4.11,   5.91,   1.26,   3.32,   1.23,     2.80,     0.65,     1.31,     0.30,    3.3,     0.35,     0.10,     198.,      14.,    345
 139, 12:27:26.6,  11:06:28.1, 1177.1,   0.00,   0.00,   2.51,   2.02,   2.71,   2.16,     1.04,     0.48,     0.48,     0.22,    2.3,     0.00,     0.00,       0.,       0.,    122
 140, 12:27:26.6,  11:06:28.6, 1187.0,  14.74,   4.71,   2.96,   1.08,   2.21,   1.20,     1.38,     0.56,     0.64,     0.26,    2.6,     0.15,     0.11,     180.,      69.,    260
 141, 12:27:26.6,  11:06:29.5, 1180.6,   0.00,   0.00,   5.83,   3.06,   2.49,   2.33,     1.03,     0.50,     0.48,     0.23,    2.3,     0.00,     0.00,       0.,       0.,    445
 142, 12:27:26.6,  11:06:28.2, 1183.9,   0.00,   0.00,   2.13,   0.98,   1.86,   0.98,     0.89,     0.35,     0.42,     0.16,    2.7,     0.00,     0.00,       0.,       0.,    163
 143, 12:27:26.6,  11:06:26.6, 1182.5,  35.38,   1.94,  14.22,   0.96,   5.01,   0.47,    17.19,     1.07,     8.01,     0.50,    5.2,     0.91,     0.02,     155.,       2.,    239
 144, 12:27:26.6,  11:06:28.5, 1193.1,   0.00,   0.00,   2.65,   1.38,   1.90,   1.94,     0.26,     0.17,     0.12,     0.08,    2.7,     0.00,     0.00,       0.,       0.,    233
 145, 12:27:26.6,  11:06:29.2, 1190.6,  19.83,   3.69,   5.25,   1.32,   2.87,   1.00,     2.82,     0.44,     1.31,     0.20,    4.2,     0.43,     0.11,     212.,      19.,    381
 146, 12:27:26.6,  11:06:28.3, 1194.1,   9.33,   6.83,   3.03,   1.35,   2.05,   1.36,     0.86,     0.36,     0.40,     0.17,    2.8,     0.10,     0.14,     214.,     116.,    185
 147, 12:27:26.6,  11:06:27.2, 1200.4,   0.00,   0.00,   4.14,   2.30,   2.22,   2.19,     0.69,     0.35,     0.32,     0.16,    2.5,     0.00,     0.00,       0.,       0.,    106
 148, 12:27:26.6,  11:06:28.1, 1206.8,   0.00,   0.00,   4.66,   1.67,   3.26,   1.78,     1.17,     0.47,     0.54,     0.22,    2.8,     0.00,     0.00,       0.,       0.,    139
 149, 12:27:26.6,  11:06:27.0, 1202.7,   0.00,   0.00,   5.08,   1.75,   3.58,   1.45,     1.86,     0.52,     0.87,     0.24,    3.1,     0.00,     0.00,       0.,       0.,    157
 150, 12:27:26.6,  11:06:27.9, 1207.9,   0.00,   0.00,   2.62,   2.19,   2.35,   2.16,     0.59,     0.34,     0.27,     0.16,    2.8,     0.00,     0.00,       0.,       0.,     86
 151, 12:27:26.6,  11:06:29.1, 1203.3,  12.83,   6.58,   3.87,   1.15,   3.37,   1.19,     2.01,     0.47,     0.94,     0.22,    2.9,     0.15,     0.23,     133.,     127.,    370
 152, 12:27:26.6,  11:06:25.9, 1210.8,   0.00,   0.00,   1.93,   1.12,   1.46,   1.17,     0.53,     0.19,     0.25,     0.09,    2.9,     0.00,     0.00,       0.,       0.,    397
 153, 12:27:26.6,  11:06:26.1, 1207.5,  20.17,   3.43,   6.05,   1.12,   3.31,   0.86,     3.69,     0.56,     1.72,     0.26,    3.6,     0.49,     0.07,     150.,      10.,    337
 154, 12:27:26.7,  11:06:29.3, 1208.9,   0.00,   0.00,   3.05,   1.47,   2.54,   1.76,     0.39,     0.13,     0.18,     0.06,    2.9,     0.00,     0.00,       0.,       0.,    434
 155, 12:27:26.6,  11:06:27.1, 1216.7,   0.00,   0.00,   7.13,   2.66,   3.92,   2.00,     2.11,     0.64,     0.98,     0.30,    3.2,     0.00,     0.00,       0.,       0.,    126
 156, 12:27:26.6,  11:06:25.9, 1217.1,   0.00,   0.00,   3.64,   1.26,   2.07,   1.24,     0.84,     0.27,     0.39,     0.13,    3.3,     0.00,     0.00,       0.,       0.,    385
 157, 12:27:26.6,  11:06:27.0, 1225.0,   0.00,   0.00,   5.37,   1.76,   4.51,   1.53,     2.41,     0.56,     1.12,     0.26,    3.1,     0.00,     0.00,       0.,       0.,    165
 158, 12:27:26.6,  11:06:28.3, 1220.6,   0.00,   0.00,   2.80,   1.82,   1.80,   1.45,     0.40,     0.21,     0.18,     0.10,    2.7,     0.00,     0.00,       0.,       0.,    215
 159, 12:27:26.6,  11:06:28.2, 1219.7,   0.00,   0.00,   3.08,   2.06,   2.38,   2.02,     0.49,     0.37,     0.23,     0.17,    2.7,     0.00,     0.00,       0.,       0.,    183
 160, 12:27:26.6,  11:06:26.7, 1221.5,  16.55,   2.86,   9.03,   1.22,   4.43,   0.90,     4.56,     0.57,     2.12,     0.27,    3.9,     0.62,     0.08,     136.,      10.,    236
 161, 12:27:26.7,  11:06:26.0, 1224.8,   0.00,   0.00,   5.25,   1.11,   4.21,   1.31,     1.93,     0.46,     0.90,     0.21,    3.5,     0.00,     0.00,       0.,       0.,    374
 162, 12:27:26.7,  11:06:28.9, 1224.6,  10.92,   6.86,   3.49,   1.66,   1.60,   1.68,     0.87,     0.43,     0.40,     0.20,    2.6,     0.20,     0.15,     193.,      80.,    362
 163, 12:27:26.7,  11:06:29.1, 1231.6,  23.24,   8.28,   5.12,   1.66,   2.15,   1.62,     1.82,     0.63,     0.85,     0.30,    2.5,     0.08,     0.12,     185.,     103.,    409
 164, 12:27:26.7,  11:06:26.2, 1230.3,   0.00,   0.00,   5.63,   1.23,   3.32,   0.99,     2.22,     0.37,     1.03,     0.17,    3.5,     0.00,     0.00,       0.,       0.,    339
 165, 12:27:26.6,  11:06:27.8, 1226.8,   8.85,   6.04,   7.42,   2.19,   5.97,   2.06,     2.56,     0.58,     1.19,     0.27,    3.7,     0.40,     0.24,     301.,      42.,     83
 166, 12:27:26.6,  11:06:28.1, 1231.9,   0.00,   0.00,   3.71,   1.70,   2.37,   1.28,     0.76,     0.40,     0.35,     0.19,    2.7,     0.00,     0.00,       0.,       0.,    171
 167, 12:27:26.6,  11:06:28.5, 1228.3,  32.54,   2.19,  15.91,   1.33,   4.89,   0.71,    12.65,     0.88,     5.90,     0.41,    4.9,     0.77,     0.05,     238.,       5.,    260
 168, 12:27:26.6,  11:06:26.6, 1235.3,   0.00,   0.00,   4.52,   0.73,   3.67,   1.12,     2.87,     0.59,     1.34,     0.28,    3.6,     0.00,     0.00,       0.,       0.,    259
 169, 12:27:26.7,  11:06:29.0, 1238.1,   0.00,   0.00,   2.49,   1.16,   2.16,   1.45,     0.55,     0.23,     0.26,     0.11,    3.0,     0.00,     0.00,       0.,       0.,    396
 170, 12:27:26.7,  11:06:26.3, 1242.8,  13.22,   5.24,   4.83,   1.25,   2.98,   1.66,     1.46,     0.36,     0.68,     0.17,    3.0,     0.25,     0.13,     134.,      36.,    330
 171, 12:27:26.6,  11:06:28.0, 1242.2,   9.67,   8.17,   3.12,   1.66,   1.86,   1.62,     0.94,     0.43,     0.44,     0.20,    2.7,     0.11,     0.12,     255.,     148.,    160
 172, 12:27:26.6,  11:06:26.6, 1244.2,   0.00,   0.00,   2.89,   1.54,   2.40,   1.66,     0.75,     0.30,     0.35,     0.14,    3.1,     0.00,     0.00,       0.,       0.,    271
 173, 12:27:26.6,  11:06:27.3, 1244.6,  16.39,   6.63,  10.91,   2.06,   5.18,   1.91,     3.88,     0.69,     1.81,     0.32,    3.4,     0.95,     0.31,     109.,      17.,    111
 174, 12:27:26.7,  11:06:28.7, 1251.2,   0.00,   0.00,   7.66,   2.66,   2.71,   1.42,     1.21,     0.58,     0.57,     0.27,    3.1,     0.00,     0.00,       0.,       0.,    351
 175, 12:27:26.7,  11:06:29.0, 1248.9,   0.00,   0.00,   2.50,   1.30,   1.51,   1.36,     0.76,     0.33,     0.35,     0.16,    2.7,     0.00,     0.00,       0.,       0.,    411
 176, 12:27:26.7,  11:06:26.3, 1251.4,   0.00,   0.00,   3.51,   1.28,   2.72,   1.67,     0.97,     0.42,     0.45,     0.19,    2.9,     0.00,     0.00,       0.,       0.,    336
 177, 12:27:26.6,  11:06:26.9, 1249.7,  20.79,   5.57,   7.69,   1.55,   3.43,   1.16,     4.19,     0.56,     1.95,     0.26,    3.8,     0.48,     0.11,     147.,      19.,    207
 178, 12:27:26.6,  11:06:27.8, 1254.3,   0.00,   0.00,   4.56,   1.67,   2.42,   1.12,     1.16,     0.44,     0.54,     0.21,    3.1,     0.00,     0.00,       0.,       0.,    113
 179, 12:27:26.7,  11:06:28.3, 1254.9,  20.82,   3.19,   4.89,   0.69,   3.84,   0.66,     4.81,     0.58,     2.24,     0.27,    4.3,     0.15,     0.02,     230.,      13.,    257
 180, 12:27:26.7,  11:06:26.2, 1257.9,   0.00,   0.00,   4.30,   1.17,   2.47,   1.14,     1.25,     0.27,     0.58,     0.12,    4.3,     0.00,     0.00,       0.,       0.,    373
 181, 12:27:26.7,  11:06:26.7, 1261.8,  19.78,   2.99,   7.22,   1.20,   3.69,   0.93,     4.16,     0.56,     1.94,     0.26,    3.7,     0.50,     0.09,     117.,      12.,    256
 182, 12:27:26.6,  11:06:27.9, 1266.0,  15.47,   3.09,   6.48,   1.27,   3.47,   0.89,     2.47,     0.42,     1.15,     0.20,    4.0,     0.34,     0.13,     285.,      28.,    183
 183, 12:27:26.6,  11:06:27.5, 1260.5,  32.38,   2.85,  10.73,   1.20,   4.63,   0.56,    11.29,     0.45,     5.26,     0.21,    7.1,     0.19,     0.01,     177.,       9.,     97
 184, 12:27:26.7,  11:06:28.2, 1266.1,  17.17,   3.42,   5.09,   1.25,   4.05,   1.09,     3.29,     0.52,     1.53,     0.24,    3.8,     0.11,     0.05,     185.,      28.,    264
 185, 12:27:26.7,  11:06:26.3, 1266.5,  13.55,   5.67,   4.76,   1.39,   2.69,   0.80,     2.80,     0.40,     1.30,     0.18,    3.8,     0.25,     0.05,     177.,      21.,    358
 186, 12:27:26.7,  11:06:27.1, 1274.2,  17.32,   5.25,   4.46,   1.42,   1.77,   0.89,     1.77,     0.39,     0.82,     0.18,    3.2,     0.18,     0.07,     163.,      36.,    209
 187, 12:27:26.6,  11:06:27.6, 1270.6,  25.10,   2.14,   6.85,   1.01,   2.98,   0.46,     5.92,     0.40,     2.76,     0.18,    6.3,     0.18,     0.02,     208.,      10.,    140
 188, 12:27:26.7,  11:06:27.9, 1272.2,   0.00,   0.00,   4.03,   1.23,   3.20,   1.25,     1.28,     0.31,     0.59,     0.15,    3.6,     0.00,     0.00,       0.,       0.,    212
 189, 12:27:26.7,  11:06:28.5, 1272.7,  25.24,   4.62,   6.78,   1.10,   3.23,   0.78,     3.69,     0.56,     1.72,     0.26,    3.7,     0.35,     0.05,     201.,      16.,    339
 190, 12:27:26.7,  11:06:26.6, 1275.1,  16.20,   7.64,   5.63,   1.38,   2.93,   0.92,     2.63,     0.49,     1.22,     0.23,    3.7,     0.26,     0.07,      90.,      34.,    308
 191, 12:27:26.7,  11:06:27.5, 1282.5,  32.55,   2.51,   5.09,   0.44,   3.24,   0.42,     9.54,     0.55,     4.45,     0.26,    6.2,     0.27,     0.01,     170.,       4.,    190
 192, 12:27:26.7,  11:06:28.3, 1281.3,  14.70,   3.43,   5.80,   1.18,   3.36,   0.90,     2.86,     0.53,     1.33,     0.25,    4.3,     0.28,     0.06,     236.,      16.,    318
 193, 12:27:26.8,  11:06:25.9, 1289.9,  13.53,   5.03,   5.64,   1.77,   2.98,   1.76,     1.94,     0.47,     0.90,     0.22,    3.2,     0.59,     0.33,     131.,      38.,    485
 194, 12:27:26.7,  11:06:27.9, 1286.5,  30.93,   2.34,  10.09,   0.88,   3.67,   0.59,     8.33,     0.70,     3.88,     0.33,    4.7,     0.47,     0.02,     209.,       4.,    253
 195, 12:27:26.7,  11:06:26.5, 1286.8,  18.30,   5.35,   5.07,   1.03,   2.42,   0.67,     3.43,     0.52,     1.60,     0.24,    3.8,     0.20,     0.04,     143.,      16.,    339
 196, 12:27:26.8,  11:06:28.4, 1292.9,  21.37,   3.87,   6.69,   1.55,   3.43,   1.10,     3.10,     0.44,     1.45,     0.20,    3.9,     0.48,     0.09,     214.,      14.,    367
 197, 12:27:26.7,  11:06:28.1, 1290.1,   7.32,   4.90,   3.54,   1.45,   2.55,   1.39,     0.92,     0.27,     0.43,     0.13,    3.4,     0.04,     0.15,     192.,     128.,    291
 198, 12:27:26.8,  11:06:26.4, 1294.2,  11.32,   9.59,   2.96,   2.18,   1.46,   1.73,     0.60,     0.43,     0.28,     0.20,    2.2,     0.10,     0.12,      72.,     155.,    392
 199, 12:27:26.7,  11:06:27.4, 1301.5,  29.09,   1.95,   6.69,   0.58,   3.23,   0.40,     9.53,     0.65,     4.44,     0.30,    5.1,     0.34,     0.01,     174.,       2.,    246
 200, 12:27:26.7,  11:06:28.2, 1297.3,  12.10,   5.21,   5.89,   1.57,   2.84,   1.07,     1.92,     0.42,     0.90,     0.19,    3.5,     0.43,     0.20,     239.,      34.,    327
 201, 12:27:26.8,  11:06:26.4, 1303.1,   0.00,   0.00,   4.69,   2.79,   2.01,   1.83,     0.95,     0.43,     0.44,     0.20,    2.4,     0.00,     0.00,       0.,       0.,    398
 202, 12:27:26.7,  11:06:26.6, 1300.1,  17.66,   4.32,   4.79,   1.43,   1.96,   0.79,     1.72,     0.36,     0.80,     0.17,    4.2,     0.39,     0.12,     147.,      25.,    342
 203, 12:27:26.7,  11:06:27.0, 1304.4,  22.98,   4.28,   5.37,   1.04,   2.10,   0.66,     2.57,     0.44,     1.20,     0.20,    4.1,     0.34,     0.08,     150.,      18.,    297
 204, 12:27:26.8,  11:06:26.8, 1314.4,  13.53,   5.57,   4.12,   0.89,   2.50,   0.92,     2.49,     0.42,     1.16,     0.19,    3.6,     0.34,     0.09,     119.,      20.,    356
 205, 12:27:26.7,  11:06:27.1, 1314.2,  16.05,   2.76,   4.10,   0.71,   2.74,   0.66,     2.59,     0.46,     1.21,     0.21,    4.7,     0.26,     0.03,     130.,      10.,    303
 206, 12:27:26.8,  11:06:27.9, 1314.2,  19.62,   1.99,   5.92,   0.64,   4.46,   0.65,     5.92,     0.56,     2.76,     0.26,    4.6,     0.42,     0.05,     241.,       7.,    318
 207, 12:27:26.8,  11:06:27.5, 1319.3,  19.18,   2.86,   5.02,   0.83,   2.44,   0.58,     2.93,     0.37,     1.36,     0.17,    4.8,     0.25,     0.04,     190.,      13.,    301
 208, 12:27:26.8,  11:06:28.2, 1320.0,  21.93,   2.61,   8.15,   1.20,   4.09,   0.72,     6.54,     0.67,     3.05,     0.31,    4.1,     0.44,     0.05,     221.,       8.,    395
 209, 12:27:26.8,  11:06:27.8, 1325.1,  13.78,   3.60,   4.74,   0.88,   3.32,   0.93,     2.23,     0.49,     1.04,     0.23,    3.6,     0.37,     0.16,     174.,      33.,    348
 210, 12:27:26.8,  11:06:27.2, 1325.9,  20.92,   3.11,   3.59,   0.80,   2.52,   0.63,     2.90,     0.36,     1.35,     0.17,    4.2,     0.10,     0.02,     142.,      18.,    331
 211, 12:27:26.8,  11:06:27.0, 1329.9,   0.00,   0.00,   4.86,   1.84,   3.09,   1.64,     1.14,     0.28,     0.53,     0.13,    3.0,     0.00,     0.00,       0.,       0.,    372
 212, 12:27:26.8,  11:06:27.6, 1329.6,   0.00,   0.00,   5.22,   1.47,   1.97,   0.86,     1.56,     0.35,     0.73,     0.16,    3.6,     0.00,     0.00,       0.,       0.,    342
 213, 12:27:26.8,  11:06:27.1, 1339.2,   0.00,   0.00,   3.66,   1.64,   2.47,   1.37,     0.92,     0.34,     0.43,     0.16,    2.9,     0.00,     0.00,       0.,       0.,    415
 214, 12:27:26.8,  11:06:27.7, 1336.3,  16.07,   3.87,   2.61,   0.48,   1.73,   0.61,     1.82,     0.46,     0.85,     0.22,    3.5,     0.14,     0.05,     224.,      24.,    382
 215, 12:27:26.9,  11:06:28.0, 1339.5,  24.37,   7.04,   4.93,   2.19,   1.53,   0.80,     1.68,     0.38,     0.78,     0.18,    3.2,     0.33,     0.08,     286.,      21.,    441
 216, 12:27:26.8,  11:06:27.2, 1337.5,  22.75,   3.59,   3.80,   0.63,   2.05,   0.73,     3.15,     0.55,     1.47,     0.26,    3.5,     0.12,     0.03,     159.,      27.,    371
 217, 12:27:26.9,  11:06:27.2, 1344.3,  20.42,   3.92,   2.23,   0.68,   1.58,   0.89,     1.94,     0.34,     0.90,     0.16,    3.8,     0.01,     0.04,      85.,     138.,    428
